Date,Prod_Supp,Poplin,Imports,Prodn,Exports,Op_Cap,End_Stk_SPR,Ref_stk,FM_Pipes,Cru&Petrm_End_Stk,Rigs_Count,s&p,XOI,CPI,WTI_Price,Cru_Imp_Cost,Brent_Price,US_GDP,Cru_End_Stk,GDP_gr
1986-01-01,498728,239713.0,107627,283248,4918,15459,494392,93009,187520,1535313,626,211.77999900000003,124.059998,109.9,22.93,24.93,18.58,1104498,795666.0,3.7
1986-02-01,453209,239858.0,83100,256855,4523,15485,495381,90281,193889,1513826,713,226.919998,126.040001,109.7,15.46,18.11,18.86,1104498,801876.75,3.7
1986-03-01,504565,240011.0,92641,279413,6577,15485,496892,95409,197747,1488558,727,238.899994,124.66999799999999,109.1,12.61,14.22,19.86,1104498,812274.5,3.7
1986-04-01,478339,240183.0,110520,265917,2829,15473,498781,95748,192890,1479493,746,235.520004,126.339996,108.7,12.84,13.15,18.98,1138030,813640.5,3.7
1986-05-01,495789,240365.0,131757,273964,3049,15484,499877,98939,180167,1505822,746,247.350006,133.08999599999999,109.0,15.38,13.17,18.31,1138030,808217.6,3.7
1986-06-01,481482,240555.0,139053,258700,7206,15465,501787,97718,181713,1542893,663,250.83999599999999,130.759995,109.4,13.43,12.25,18.76,1138030,804984.5,3.7
1986-07-01,505514,240753.0,146509,268448,2021,15475,503400,102678,193138,1572732,575,236.11999500000002,122.43,109.5,11.59,10.91,17.78,1148813,806272.5,3.7
1986-08-01,515167,240961.0,150637,259580,7222,15430,504974,99129,186004,1582297,582,252.92999300000002,145.279999,109.6,15.1,11.87,17.05,1148813,816811.4,3.7
1986-09-01,477269,241171.0,150923,249843,4829,15435,506385,103323,192027,1617975,567,231.32000699999998,143.25,110.0,14.87,12.85,16.75,1148813,814905.5,3.7
1986-10-01,514674,241371.0,136983,260984,4673,15435,507514,103461,197234,1610448,562,243.979996,146.639999,110.2,14.9,12.78,15.73,1188288,825771.0,3.7
1986-11-01,486633,241544.0,138444,252374,3441,15440,509471,95217,196820,1612020,554,249.22000099999997,149.860001,110.4,15.22,13.46,14.73,1188288,827099.75,3.7
1986-12-01,531060,241702.0,136784,258926,4917,15440,511565,92954,192993,1592512,568,242.169998,150.860001,110.8,16.11,14.17,16.6,1188288,826105.75,3.7
1987-01-01,517210,241857.0,135943,262888,2595,15566,514910,95077,194579,1586013,565,274.079987,168.940002,111.4,18.65,16.45,16.31,1148876,821732.6,3.9
1987-02-01,473425,242005.0,108260,234880,7940,15548,516709,94262,192960,1563370,512,284.200012,164.71000700000002,111.8,17.75,16.98,15.54,1148876,824748.75,3.9
1987-03-01,501109,242166.0,117160,262398,4645,15559,519987,101302,188121,1556690,518,291.700012,190.179993,112.2,18.3,17.26,14.91,1148876,827448.0,3.9
1987-04-01,495706,242338.0,123964,254945,7409,15565,521983,103027,181876,1539247,490,288.359985,191.78999299999998,112.7,18.68,17.89,14.89,1205023,825658.25,3.9
1987-05-01,496806,242516.0,134549,258426,2125,15565,525129,100773,178340,1541746,507,290.100006,199.809998,113.0,19.44,18.25,18.58,1205023,826056.2,3.9
1987-06-01,504892,242706.0,144197,248356,3468,15588,527187,101755,180212,1547960,455,304.0,209.809998,113.5,20.07,18.71,18.86,1205023,828414.0,3.9
1987-07-01,530502,242908.0,164131,255782,4616,15701,530012,103457,177772,1558476,392,318.660004,215.11000099999998,113.8,21.34,19.26,19.86,1218373,831527.4,3.9
1987-08-01,506741,243118.0,170802,254508,4380,15598,531978,105394,185734,1592005,626,329.799988,213.69999700000002,114.3,20.31,19.32,18.98,1218373,836665.0,3.9
1987-09-01,500097,243335.0,153312,246163,3478,15593,533890,105794,189391,1605705,713,321.829987,204.96000700000002,114.7,19.53,18.57,18.31,1218373,846387.5,3.9
1987-10-01,525173,243543.0,159390,259272,2592,15592,535652,105521,202874,1609977,727,251.789993,164.610001,115.0,19.86,18.53,18.76,1282952,851387.4,3.9
1987-11-01,490290,243724.0,150389,251915,4907,15888,538547,105296,207776,1634948,746,230.30000299999998,148.300003,115.4,18.85,18.14,17.78,1282952,872517.5,3.9
1987-12-01,540790,243895.0,143825,257844,6809,15946,540648,95851,204613,1607451,746,247.080002,161.880005,115.6,17.28,17.2,17.05,1282952,878027.25,3.9
1988-01-01,539481,244056.0,144515,255743,6399,15915,542720,98805,197518,1596994,663,257.070007,168.949997,116.0,17.13,15.45,16.75,1236534,863579.2,4.6
1988-02-01,515026,244205.0,134863,242848,4226,15942,544146,97616,200786,1575694,575,267.820007,172.479996,116.2,16.8,15.43,15.73,1236534,861812.5,4.6
1988-03-01,545962,244362.0,150912,259587,6598,15888,544938,101042,209988,1559267,582,258.890015,179.41000400000001,116.5,16.2,14.73,14.73,1236534,871261.75,4.6
1988-04-01,496816,244528.0,155012,248629,3433,15888,547258,107276,206278,1578298,567,261.329987,185.83999599999999,117.2,17.86,15.62,16.6,1297399,879684.2,4.6
1988-05-01,502103,244708.0,165510,255089,4285,15909,547949,105691,210485,1613780,562,262.160004,180.029999,117.5,17.42,15.93,16.31,1297399,889980.25,4.6
1988-06-01,511781,244914.0,159667,245102,4128,15934,550056,107954,208177,1611809,554,273.5,174.070007,118.0,16.53,15.5,15.54,1297399,891228.25,4.6
1988-07-01,517536,245131.0,158100,249229,5765,15958,551344,103275,205743,1629119,568,272.019989,179.610001,118.5,15.5,14.81,14.91,1319724,886541.0,4.6
1988-08-01,541955,245352.0,157766,250459,4715,15958,552145,101807,194927,1623519,565,261.519989,173.03999299999998,119.0,15.52,14.32,14.89,1319724,876776.0,4.6
1988-09-01,512149,245579.0,156355,236847,3573,15965,554659,102094,183514,1628393,512,271.910004,170.449997,119.5,14.54,13.84,13.18,1319724,860547.8,4.6
1988-10-01,544972,245789.0,172080,248704,5157,15946,556001,103149,190588,1630425,518,278.97000099999997,175.490005,119.9,13.77,13.05,12.41,1382783,866835.25,4.6
1988-11-01,528590,245970.0,152093,240700,4429,15909,558673,96092,195549,1631275,490,273.700012,176.380005,120.3,14.14,12.66,13.02,1382783,879677.0,4.6
1988-12-01,569322,246140.0,162132,246189,4006,15919,559515,92129,193778,1597232,507,277.72000099999997,179.550003,120.7,16.38,14.11,15.31,1382783,877319.2,4.6
1989-01-01,535329,246301.0,175497,246056,4234,15655,561519,97056,195363,1620242,455,297.47000099999997,192.699997,121.2,18.02,16.04,17.17,1346036,866200.75,3.8
1989-02-01,501749,246454.0,148539,218076,5838,15671,563888,100064,190828,1601010,392,288.859985,189.419998,121.6,17.94,16.61,16.89,1346036,870357.5,3.8
1989-03-01,557660,246626.0,156100,234822,4846,15669,566224,100856,187530,1568438,407,294.869995,199.259995,122.2,19.48,17.77,18.7,1346036,879539.2,3.8
1989-04-01,498719,246814.0,172496,233147,4184,15687,568009,106668,188214,1595647,427,309.640015,206.639999,123.1,21.07,19.59,20.32,1405607,876178.0,3.8
1989-05-01,512928,247010.0,177604,242303,4051,15692,570403,104770,198445,1622604,431,320.519989,207.070007,123.7,20.12,19.05,18.63,1405607,893515.25,3.8
1989-06-01,524903,247228.0,179269,228731,7300,15698,571724,99200,187999,1607664,423,317.980011,204.449997,124.1,20.05,18.27,17.67,1405607,891760.6,3.8
1989-07-01,510039,247458.0,192628,230766,2144,15698,574388,101924,189934,1648901,432,346.079987,214.55000299999998,124.5,19.78,17.99,17.62,1418867,886860.0,3.8
1989-08-01,538172,247695.0,203517,233878,5007,15706,575373,104758,198627,1654432,437,351.450012,222.25,124.5,18.58,17.23,16.77,1418867,889608.5,3.8
1989-09-01,503850,247942.0,180834,226436,961,15722,577131,97697,193681,1667408,460,349.149994,225.479996,124.8,19.59,17.62,17.77,1418867,890511.4,3.8
1989-10-01,536411,248174.0,191783,231036,1882,15722,578271,98753,195982,1657962,493,340.359985,223.580002,125.4,20.1,18.29,18.91,1471062,897968.75,3.8
1989-11-01,519331,248380.0,185133,226082,3591,15732,579490,101485,204434,1663157,532,345.98999,230.72000099999997,125.9,19.86,18.32,18.73,1471062,903921.75,3.8
1989-12-01,584589,248569.0,169361,227439,7645,15761,579857,99711,199227,1581419,541,353.399994,245.940002,126.3,21.1,20.05,19.84,1471062,906397.2,3.8
1990-01-01,525878,248743.0,192572,233931,4084,15572,580596,105370,202133,1629687,514,329.079987,240.52999900000003,127.5,22.86,20.51,21.25,1434375,905718.75,3.5
1990-02-01,480896,248920.0,165046,209923,2843,15578,580924,98047,203409,1634646,492,331.890015,245.63999900000002,128.0,22.11,19.78,19.81,1434375,908995.0,3.5
1990-03-01,529703,249146.0,189625,230434,4104,15582,582279,110567,219494,1641913,478,339.940002,244.520004,128.6,20.39,18.94,18.39,1434375,915608.6,3.5
1990-04-01,503351,249436.0,174393,222215,3338,15582,583418,105908,223797,1640188,484,330.799988,234.38999900000002,128.9,18.43,16.66,16.61,1490965,933275.0,3.5
1990-05-01,524350,249707.0,200067,227179,3474,15582,586187,111473,234347,1671526,493,361.230011,247.0,129.1,18.2,16.07,16.35,1490965,943871.0,3.5
1990-06-01,514961,249990.0,192704,213175,2639,15597,586678,111503,234775,1685033,498,358.019989,239.600006,129.9,16.7,15.15,15.1,1490965,953585.4,3.5
1990-07-01,529591,250285.0,212514,222371,2762,15598,586678,109670,226735,1709064,497,356.149994,262.880005,130.5,18.45,16.54,17.17,1499694,955799.0,3.5
1990-08-01,559565,250595.0,200000,225886,1990,15701,589606,105882,222505,1698525,506,322.559998,261.369995,131.6,27.31,24.26,27.17,1499694,948544.6,3.5
1990-09-01,495360,250904.0,169907,216715,2050,15702,589611,102107,204604,1698230,566,306.049988,251.600006,132.5,33.51,29.88,34.9,1499694,939651.5,3.5
1990-10-01,524967,251201.0,159080,233799,3233,15666,589359,102146,205640,1674446,588,304.0,243.979996,133.4,36.04,32.88,36.02,1538100,919185.25,3.5
1990-11-01,500850,251486.0,152549,221598,4124,15666,586017,100526,205208,1653864,615,322.22000099999997,248.830002,133.7,32.33,30.19,33.07,1538100,916516.8,3.5
1990-12-01,511328,251758.0,142930,227463,5013,15656,585692,94496,193243,1620633,643,330.22000099999997,240.57000699999998,134.2,27.28,25.56,28.27,1538100,905642.5,3.5
1991-01-01,523670,252012.0,164167,232498,1565,15676,585692,93010,186297,1586583,633,343.929993,232.88000499999998,134.7,25.23,22.3,23.57,1475270,893210.5,2.6
1991-02-01,457486,252253.0,153588,213836,4267,15677,581564,95317,195136,1573344,564,367.070007,251.88999900000002,134.8,20.48,18.3,19.54,1475270,898044.25,2.6
1991-03-01,502581,252507.0,160149,233926,4233,15686,568482,100975,201429,1557613,520,375.22000099999997,246.67999300000002,134.8,19.9,17.58,19.08,1475270,895377.4,2.6
1991-04-01,484163,252778.0,165877,225256,4857,15698,568482,101380,200902,1577938,469,375.339996,254.899994,135.1,20.83,18.32,19.18,1532427,892962.5,2.6
1991-05-01,501860,253060.0,197257,229670,5114,15709,568482,111484,207915,1626106,430,389.829987,250.770004,135.6,21.23,18.36,19.19,1532427,897177.2,2.6
1991-06-01,506333,253350.0,190019,219610,2352,15726,568488,106599,206464,1633524,483,371.160004,238.020004,136.0,20.19,17.78,18.17,1532427,904637.75,2.6
1991-07-01,526087,253650.0,184597,227756,4302,15694,568502,105095,200302,1634964,472,387.809998,252.5,136.2,21.4,18.14,19.4,1548990,900439.75,2.6
1991-08-01,532675,253966.0,205988,226801,1700,15724,568503,102769,209027,1647965,451,395.429993,253.86000099999998,136.6,21.69,18.71,19.77,1548990,899868.8,2.6
1991-09-01,505429,254280.0,174347,221029,3273,15724,568503,97165,208443,1662876,433,387.859985,249.729996,137.0,21.89,19.0,20.5,1548990,890706.0,2.6
1991-10-01,526870,254576.0,176182,230557,2839,15722,568505,101185,205581,1644041,433,392.450012,252.350006,137.2,23.23,19.86,22.21,1601443,895047.0,2.6
1991-11-01,501911,254841.0,165853,219833,3773,15722,568502,98846,205488,1647185,457,375.22000099999997,226.38000499999998,137.8,22.46,19.35,21.11,1601443,897788.2,2.6
1991-12-01,531485,255089.0,172508,226267,4109,15722,568508,91203,200785,1616954,469,417.089996,236.11000099999998,138.2,19.5,17.17,18.41,1601443,888504.5,2.6
1992-01-01,527375,255331.0,184640,228178,3653,15696,568510,98335,208377,1610229,400,408.77999900000003,225.55000299999998,138.3,18.79,16.1,18.16,1554707,886802.2,2.3
1992-02-01,489886,255576.0,147293,214269,647,15671,568510,99666,209755,1587613,378,412.700012,218.690002,138.6,19.01,16.0,18.05,1554707,888704.0,2.3
1992-03-01,521571,255848.0,164957,227798,3263,15618,568511,100343,203642,1570825,381,403.690002,212.649994,139.1,18.92,16.36,17.63,1554707,897705.75,2.3
1992-04-01,502929,256139.0,183798,218775,693,15626,568511,101634,208727,1583053,370,414.950012,234.82000699999998,139.4,20.23,17.37,18.92,1619581,898314.5,2.3
1992-05-01,511048,256437.0,187873,222227,3272,15490,568514,100632,208360,1602438,358,415.350006,240.82000699999998,139.7,20.98,18.79,19.89,1619581,901771.2,2.3
1992-06-01,509344,256742.0,185143,215019,3213,15458,569520,95581,198150,1603134,343,408.140015,227.44999700000002,140.1,22.39,19.83,21.16,1619581,893083.5,2.3
1992-07-01,531442,257063.0,210673,221064,1651,15432,569521,101348,195789,1619684,349,424.209991,239.309998,140.5,21.78,19.74,20.24,1640744,881175.0,2.3
1992-08-01,524787,257390.0,200165,214575,4108,15322,570138,99646,193644,1620828,334,414.02999900000003,242.86999500000002,140.8,21.34,19.25,19.74,1640744,881907.75,2.3
1992-09-01,506265,257704.0,186539,210904,2028,15308,571438,96867,190910,1635608,345,417.799988,241.57000699999998,141.1,21.88,19.26,20.27,1640744,879780.75,2.3
1992-10-01,540892,258004.0,207565,220898,3292,15287,573575,97393,199839,1640336,392,418.679993,231.05000299999998,141.7,21.69,19.34,20.26,1705290,883482.4,2.3
1992-11-01,512730,258280.0,183635,210724,3325,15304,574039,95641,191846,1635832,418,431.35000599999995,225.479996,142.1,20.34,18.4,19.21,1705290,880168.0,2.3
1992-12-01,555755,258546.0,184060,220200,3329,15311,574724,87748,193064,1591974,397,435.709991,229.11000099999998,142.3,19.41,16.94,18.14,1705290,882869.0,2.3
1993-01-01,501374,258799.0,195059,215791,3984,15121,575311,99879,193175,1618467,335,438.77999900000003,233.850006,142.8,19.03,16.8,17.39,1638139,879506.0,2.1
1993-02-01,485354,259036.0,172358,194393,4646,15129,575807,97874,202103,1602299,311,443.380005,243.080002,143.1,20.09,17.41,18.47,1638139,889026.75,2.1
1993-03-01,544816,259283.0,201113,216198,4301,15133,577611,98190,203646,1590206,315,451.670013,252.710007,143.3,20.32,17.82,18.79,1638139,897994.5,2.1
1993-04-01,503439,259547.0,207851,206439,2189,15139,581702,102928,209516,1616565,320,440.19000199999994,258.429993,143.8,20.25,18.35,18.67,1701841,906753.0,2.1
1993-05-01,511747,259822.0,211074,212255,3479,15151,582119,104773,214153,1649507,323,450.19000199999994,260.940002,144.2,19.95,17.89,18.51,1701841,916172.0,2.1
1993-06-01,512878,260109.0,216035,203842,4493,15166,582753,106378,210483,1666731,350,450.52999900000003,252.97000099999997,144.3,19.09,16.8,17.65,1701841,915222.0,2.1
1993-07-01,538070,260411.0,225954,207339,1936,15198,583333,100646,216770,1682328,368,448.130005,256.019989,144.5,17.89,15.81,16.78,1724719,919357.4,2.1
1993-08-01,537278,260717.0,205858,209492,1712,15140,584087,94911,206233,1675961,397,463.55999800000006,265.47000099999997,144.8,18.01,15.64,16.7,1724719,912882.25,2.1
1993-09-01,529508,261015.0,197433,201347,3204,15142,585658,92607,198503,1665385,418,458.92999299999997,268.059998,145.0,17.5,15.32,16.01,1724719,903719.75,2.1
1993-10-01,537012,261294.0,222624,212003,1929,15137,586248,96993,201232,1688069,441,467.829987,268.019989,145.6,18.15,15.59,16.61,1793877,899645.2,2.1
1993-11-01,533395,261550.0,209905,207349,2016,15151,586794,97983,204942,1685997,453,461.790009,250.88000499999998,146.0,16.61,14.05,15.2,1793877,902970.0,2.1
1993-12-01,556536,261796.0,211966,212585,1944,15105,587080,93261,209475,1647219,425,466.450012,252.789993,146.3,14.52,12.56,13.73,1793877,913517.4,2.1
1994-01-01,560233,262021.0,184295,211320,3401,15058,587192,96577,204336,1621924,356,481.60998499999994,266.549988,146.3,15.03,12.93,14.29,1736467,901598.5,3.3
1994-02-01,513444,262237.0,176774,189569,3244,15028,587193,98716,198406,1585876,337,467.14001500000006,255.729996,146.7,14.78,12.9,13.8,1736467,901481.25,3.3
1994-03-01,536696,262491.0,197531,209114,1256,15028,590256,103724,197951,1584184,323,445.76998899999995,244.08999599999999,147.1,14.68,13.18,13.82,1736467,905987.75,3.3
1994-04-01,524661,262754.0,208661,198363,3585,15161,591173,102685,198206,1590659,314,450.910004,260.01001,147.2,16.42,14.54,15.23,1809582,911093.2,3.3
1994-05-01,532616,263014.0,223135,207334,3647,15162,591178,101088,192900,1612401,320,456.5,262.160004,147.5,17.89,15.74,16.19,1809582,907482.5,3.3
1994-06-01,534461,263294.0,220729,198318,3218,15162,591670,100774,188692,1624184,331,444.26998899999995,257.480011,147.9,19.06,17.04,16.76,1809582,900752.25,3.3
1994-07-01,542046,263580.0,243574,201527,2607,15163,591673,103984,186202,1654336,341,458.26000999999997,270.339996,148.4,19.66,17.52,17.6,1837424,905394.0,3.3
1994-08-01,561618,263871.0,232117,202869,2232,15165,591675,100596,193563,1659348,320,475.48999000000003,268.26001,149.0,18.38,16.66,16.89,1837424,901862.5,3.3
1994-09-01,524709,264159.0,236041,198264,1833,15207,591675,98110,201940,1683513,325,462.709991,260.359985,149.3,17.45,15.91,15.9,1837424,902882.2,3.3
1994-10-01,549299,264430.0,221230,206398,4285,15212,591675,95681,207022,1672597,342,472.35000599999995,279.940002,149.4,17.72,16.27,16.49,1903763,913384.0,3.3
1994-11-01,519447,264681.0,211012,198850,3048,15217,591673,100930,209093,1687034,361,453.69000199999994,263.339996,149.8,18.07,16.46,17.19,1903763,916938.5,3.3
1994-12-01,567899,264924.0,222973,209550,3664,15227,591670,97929,200751,1652785,354,459.26998899999995,261.75,150.1,17.16,15.78,15.93,1903763,910579.2,3.3
1995-01-01,533785,265157.0,201657,207148,3493,15434,591671,102167,183456,1643391,325,470.420013,263.52999900000003,150.5,18.04,16.56,16.55,1835147,901992.0,3.3
1995-02-01,511803,265383.0,183282,190245,2653,15436,591673,101749,186225,1607708,326,487.39001500000006,271.27999900000003,150.9,18.57,17.21,17.11,1835147,899019.0,3.3
1995-03-01,542000,265625.0,229132,204613,2099,15440,591672,101302,196995,1601011,322,500.709991,285.98999,151.2,18.54,17.21,17.01,1835147,903790.2,3.3
1995-04-01,514265,265877.0,211126,198111,4662,15440,591671,107365,192973,1601378,328,514.710022,293.209991,151.8,19.9,18.7,18.65,1897424,911310.5,3.3
1995-05-01,536097,266134.0,227067,205509,2256,15385,591669,101758,190675,1611678,325,533.400024,300.959991,152.1,19.74,18.56,18.35,1897424,905903.25,3.3
1995-06-01,543919,266414.0,237810,197359,3028,15385,591672,98065,195052,1608957,301,544.75,290.02999900000003,152.4,18.45,17.43,17.31,1897424,896635.0,3.3
1995-07-01,531547,266700.0,225215,199912,3184,15376,591670,98406,180611,1624436,301,562.0599980000001,298.730011,152.6,17.33,16.5,15.85,1922827,890938.5,3.3
1995-08-01,559362,266998.0,230537,199846,1905,15393,591673,104607,172519,1614321,327,561.880005,287.609985,152.9,18.02,16.54,16.1,1922827,881764.5,3.3
1995-09-01,540776,267304.0,240210,192484,2234,15272,591668,98306,175144,1619692,333,584.409973,291.51001,153.1,18.23,16.71,16.7,1922827,882869.0,3.3
1995-10-01,547183,267585.0,219316,199055,1543,15191,591663,97953,175878,1606658,332,581.5,289.27999900000003,153.5,17.43,16.29,16.11,1984353,874276.75,3.3
1995-11-01,539379,267829.0,219061,197559,3530,15196,591648,100885,177963,1604002,330,605.369995,302.51001,153.7,17.99,16.52,16.86,1984353,884891.0,3.3
1995-12-01,569360,268047.0,214397,202428,3922,15210,591640,85731,176326,1562852,325,615.929993,320.799988,153.9,19.03,17.53,17.93,1984353,886447.8,3.3
1996-01-01,566079,268258.0,226397,201354,2752,15333,591630,92442,174290,1544253,295,636.02002,321.790009,154.7,18.86,17.48,17.85,1925313,881163.75,3.8
1996-02-01,539974,268480.0,191754,190727,2674,15164,591617,90758,174207,1500274,283,640.429993,320.350006,155.0,19.09,17.77,18.0,1925313,877189.25,3.8
1996-03-01,567321,268724.0,223671,203715,2918,15186,589125,92993,171282,1481772,286,645.5,339.399994,155.5,21.33,19.9,19.85,1925313,874090.4,3.8
1996-04-01,536547,268980.0,221116,193317,4448,15186,586485,98701,169835,1501631,286,654.169983,342.959991,156.1,23.5,21.33,20.9,2005112,868931.25,3.8
1996-05-01,556654,269247.0,248909,198208,1138,15182,585803,95315,175722,1519542,288,669.119995,342.01001,156.4,21.17,20.12,19.15,2005112,871764.0,3.8
1996-06-01,543207,269527.0,238747,193746,3889,15224,584454,103729,178035,1546497,298,670.630005,342.959991,156.7,20.42,19.32,18.46,2005112,876882.75,3.8
1996-07-01,564533,269822.0,241797,196471,4314,15249,582904,102546,177285,1550013,290,639.950012,333.170013,157.0,21.3,19.6,19.57,2035152,878473.0,3.8
1996-08-01,578396,270130.0,249286,197162,1378,15306,577573,106264,179591,1545382,297,651.98999,339.97000099999997,157.2,21.9,20.53,20.51,2035152,874184.2,3.8
1996-09-01,529637,270433.0,220599,194456,4410,15259,573659,96195,179661,1551463,301,687.330017,356.149994,157.7,23.97,22.04,22.63,2035152,866182.5,3.8
1996-10-01,594302,270730.0,238717,200907,4144,15259,573617,95389,181647,1537692,328,705.27002,371.880005,158.2,24.88,23.22,24.16,2107553,859551.5,3.8
1996-11-01,556054,271002.0,220314,194268,5161,15259,569814,92068,180145,1521745,363,757.02002,388.890015,158.7,23.71,22.66,22.76,2107553,861206.4,3.8
1996-12-01,568355,271243.0,226532,201685,2985,15259,565816,83917,170479,1507416,361,740.73999,390.170013,159.1,25.23,23.22,23.78,2107553,846954.0,3.8
1997-01-01,575184,271472.0,232255,198466,4382,15452,563482,96987,169974,1500682,342,786.159973,405.640015,159.4,25.13,23.02,23.54,2043518,838890.8,4.0
1997-02-01,515145,271703.0,208159,182400,6414,15452,563474,95016,175431,1481675,356,790.820007,386.089996,159.7,22.18,20.88,20.85,2043518,849655.5,4.0
1997-03-01,553739,271952.0,240380,200013,4230,15632,563468,97777,190753,1511551,377,757.119995,399.589996,159.8,20.97,19.16,19.13,2043518,853076.0,4.0
1997-04-01,556769,272213.0,239601,193239,2772,15616,563463,99712,193849,1517575,373,801.340027,397.350006,159.9,19.7,17.83,17.56,2129626,860915.75,4.0
1997-05-01,567078,272482.0,268234,200702,800,15616,563458,103826,196965,1561043,379,848.2800289999999,423.0,159.9,20.82,18.55,19.02,2129626,868330.2,4.0
1997-06-01,558515,272767.0,262763,193252,1708,15638,563454,100863,192079,1574812,396,885.1400150000001,435.67999299999997,160.2,19.26,17.35,17.58,2129626,869699.75,4.0
1997-07-01,592306,273074.0,253506,198691,2166,15639,563451,98530,183668,1559004,382,954.3099980000001,463.799988,160.4,19.66,17.49,18.46,2166497,864364.75,4.0
1997-08-01,575517,273395.0,267244,196769,3419,15641,563449,93208,180911,1570148,409,899.4699710000001,457.5,160.8,19.95,17.96,18.6,2166497,856635.4,4.0
1997-09-01,556849,273703.0,265199,194575,3665,15602,563444,98028,181479,1592273,392,947.2800289999999,486.97000099999997,161.2,19.8,17.85,18.46,2166497,848611.25,4.0
1997-10-01,591200,273989.0,276743,200482,4717,15602,563439,99540,191306,1597809,390,914.6199949999999,470.57000700000003,161.5,21.33,18.73,19.87,2237911,852718.4,4.0
1997-11-01,557349,274249.0,250987,193778,975,15602,563430,101970,195288,1599519,354,955.400024,463.48999000000003,161.7,20.19,17.88,19.17,2237911,863785.75,4.0
1997-12-01,596759,274499.0,237228,202464,4060,15628,563429,90663,188580,1559759,361,970.429993,454.35998499999994,161.8,18.33,15.95,17.18,2237911,863453.0,4.0
1998-01-01,569212,274732.0,258506,202756,7146,15711,563430,97791,191174,1569770,380,980.2800289999999,432.64999400000005,162.0,16.72,14.33,15.19,2160749,861217.2,2.6
1998-02-01,512856,274943.0,225255,181321,5514,15716,563426,100457,191217,1568605,380,1049.339966,460.459991,162.0,16.06,13.32,14.07,2160749,870731.0,2.6
1998-03-01,579239,275175.0,251835,198639,3073,15735,563426,104200,203819,1586947,327,1101.75,477.380005,162.0,15.12,12.34,13.1,2160749,872711.25,2.6
1998-04-01,571320,275434.0,269552,194483,4888,15692,563426,107158,219272,1614074,291,1111.75,488.299988,162.2,15.35,12.81,13.53,2249930,884571.75,2.6
1998-05-01,569624,275700.0,278595,196754,4451,15708,563428,108207,218175,1651983,272,1090.819946,474.299988,162.6,14.91,12.61,14.36,2249930,894841.4,2.6
1998-06-01,575446,275976.0,263842,188018,1877,15821,563429,106937,199995,1650702,267,1133.839966,467.76000999999997,162.8,13.72,11.61,12.21,2249930,890525.75,2.6
1998-07-01,603451,276266.0,294715,192026,3222,15826,563426,109684,205819,1661499,264,1120.670044,432.339996,163.2,14.17,11.55,12.08,2281444,887173.0,2.6
1998-08-01,599748,276566.0,284481,192282,1585,15828,563426,103298,202611,1668858,226,957.2800289999999,390.709991,163.4,13.47,11.34,11.91,2281444,887931.5,2.6
1998-09-01,566848,276859.0,255012,173676,1035,15828,563426,99572,189424,1652490,215,1017.01001,440.839996,163.5,15.03,12.77,13.34,2281444,869801.25,2.6
1998-10-01,594824,277140.0,268678,190420,2704,15880,564015,105095,200258,1649419,214,1098.670044,435.07000700000003,163.9,14.46,12.11,12.7,2370698,879127.0,2.6
1998-11-01,560190,277402.0,268204,184198,1814,15927,568524,100411,209434,1671784,190,1163.630005,443.339996,164.1,13.0,10.99,11.04,2370698,886085.0,2.6
1998-12-01,601998,277658.0,258909,187347,2793,15951,571405,99108,202272,1646975,155,1229.22998,433.19000199999994,164.4,11.35,9.39,9.82,2370698,887374.75,2.6
1999-01-01,589894,277891.0,260189,184864,3332,16261,571951,105624,205869,1642103,125,1279.640015,394.97000099999997,164.7,12.52,10.16,11.11,2293218,880846.8,3.6
1999-02-01,534991,278095.0,237109,167034,3342,16245,571950,107750,203943,1635355,117,1238.329956,384.959991,164.7,12.01,10.33,10.27,2293218,888384.0,3.6
1999-03-01,604395,278324.0,270921,182362,2960,16256,571950,108567,212025,1620118,114,1286.369995,450.589996,164.8,14.68,12.1,12.51,2293218,895318.5,3.6
1999-04-01,574548,278584.0,277686,176616,9962,16258,572451,107334,202740,1624089,125,1335.180054,515.080017,165.9,17.31,14.82,15.29,2388561,896713.6,3.6
1999-05-01,579867,278859.0,282050,182122,2742,16271,573595,115090,200663,1657542,136,1301.839966,505.39001500000006,166.0,17.72,15.57,15.23,2388561,888857.25,3.6
1999-06-01,595094,279148.0,266645,172808,3679,16276,574798,106727,200440,1642303,124,1372.709961,508.329987,166.0,17.92,15.91,15.86,2388561,889735.25,3.6
1999-07-01,614423,279448.0,291123,179738,3717,16287,575701,110321,197699,1643652,108,1328.719971,514.679993,166.7,20.1,18.05,19.08,2423833,888771.8,3.6
1999-08-01,622884,279752.0,276154,179187,4102,16287,574875,104502,187778,1621628,111,1320.410034,521.6099849999999,167.1,21.28,19.56,20.22,2423833,879378.5,3.6
1999-09-01,584477,280053.0,255799,174113,811,16317,575472,100804,179226,1614843,130,1282.709961,507.380005,167.8,23.8,21.64,22.54,2423833,868319.75,3.6
1999-10-01,615915,280337.0,266999,184361,1749,16317,572270,100063,180096,1585057,137,1362.930054,503.47000099999997,168.1,22.69,21.62,22.0,2525048,860767.0,3.6
1999-11-01,572616,280594.0,246722,178811,2505,16327,569115,99431,177847,1570507,145,1388.910034,511.64001500000006,168.4,25.0,23.14,24.58,2525048,859276.75,3.6
1999-12-01,635453,280846.0,255266,184716,4131,16276,567241,93024,168645,1492931,161,1469.25,503.0,168.8,26.1,24.35,25.47,2525048,845718.2,3.6
2000-01-01,589799,281083.0,242698,179316,5450,16512,568498,97824,163238,1477448,143,1394.459961,467.790009,169.3,27.26,25.29,25.51,2449139,841987.0,4.8
2000-02-01,569417,281299.0,241236,169703,871,16505,569370,101767,160151,1466210,147,1366.420044,430.299988,170.0,29.37,27.39,27.78,2449139,838938.75,4.8
2000-03-01,595752,281531.0,272503,183464,4449,16505,569413,102119,171573,1476302,173,1498.579956,501.98999000000003,171.0,29.84,27.7,27.49,2449139,845451.8,4.8
2000-04-01,564493,281763.0,280228,175625,3706,16505,569413,105340,176892,1505432,196,1452.430054,488.920013,170.9,25.72,24.29,22.76,2569476,856023.25,4.8
2000-05-01,607755,281996.0,281621,181242,1062,16506,569413,103648,167161,1517741,199,1420.599976,537.969971,171.2,28.79,26.35,27.74,2569476,861531.75,4.8
2000-06-01,601623,282247.0,286000,174686,282,16496,568893,101323,164894,1525954,201,1454.599976,505.35000599999995,172.2,31.82,28.91,29.8,2569476,849976.2,4.8
2000-07-01,610585,282504.0,291346,177920,466,16496,570351,101429,158844,1539634,208,1430.829956,480.589996,172.7,29.7,28.0,28.68,2578060,845293.75,4.8
2000-08-01,635381,282769.0,308103,179451,536,16548,571365,103079,162605,1531794,206,1517.680054,520.25,172.7,31.26,28.8,30.2,2578060,841439.25,4.8
2000-09-01,596968,283033.0,284528,172731,688,16549,570346,99565,156907,1526910,199,1436.51001,526.679993,173.6,33.88,30.56,33.14,2578060,842652.0,4.8
2000-10-01,613744,283285.0,278052,180080,273,16559,564497,95302,161362,1506655,212,1429.400024,518.869995,173.9,33.11,29.71,30.96,2655679,839117.0,4.8
2000-11-01,579827,283523.0,267387,174980,71,16559,547506,100576,162741,1505414,234,1314.949951,505.10000599999995,174.2,34.42,30.0,32.55,2655679,832053.25,4.8
2000-12-01,645249,283748.0,286114,181508,498,16559,540678,97702,165004,1467547,242,1320.280029,536.25,174.6,28.44,25.19,25.66,2655679,819838.4,4.8
2001-01-01,622856,283960.0,276911,179767,545,16568,541675,101270,171422,1478528,239,1366.01001,527.97998,175.6,29.59,24.49,25.62,2562436,810545.0,2.5
2001-02-01,551303,284166.0,241046,161843,674,16568,541677,96600,162999,1472902,237,1239.939941,525.3900150000001,176.0,29.61,24.97,27.5,2562436,808276.0,2.5
2001-03-01,616161,284380.0,297683,182290,1147,16620,542290,103407,184469,1484056,248,1160.329956,529.4400019999999,176.1,27.25,23.01,24.5,2562436,817275.0,2.5
2001-04-01,591867,284602.0,303320,175879,145,16608,542350,109386,200475,1521526,247,1249.459961,584.799988,176.4,27.49,22.99,25.66,2656364,838453.25,2.5
2001-05-01,604530,284834.0,306450,180712,1981,16618,543270,105328,197173,1555265,235,1255.819946,586.159973,177.3,28.63,24.63,28.31,2656364,848582.25,2.5
2001-06-01,586829,285076.0,273160,172974,452,16627,543270,102734,182465,1563020,219,1224.380005,548.849976,177.7,27.6,23.95,27.85,2656364,843229.2,2.5
2001-07-01,617494,285324.0,296127,178208,334,16662,543734,104073,183313,1568330,219,1211.22998,548.280029,177.4,26.43,22.76,24.61,2651331,840538.25,2.5
2001-08-01,624740,285584.0,290870,177488,874,16662,543734,103763,181795,1548249,219,1133.579956,548.849976,177.4,27.37,23.77,25.68,2651331,831544.0,2.5
2001-09-01,570485,285842.0,280182,171270,238,16510,544760,102146,182553,1578940,220,1040.939941,498.160004,178.1,26.2,22.51,25.62,2651331,832564.0,2.5
2001-10-01,614536,286086.0,285531,178129,351,16510,545209,103905,186952,1576990,198,1059.780029,507.97000099999997,177.6,22.17,18.76,20.54,2711685,834154.5,2.5
2001-11-01,581879,286315.0,279594,176441,265,16512,547325,102057,185881,1587757,174,1139.449951,490.799988,177.5,19.64,16.06,18.8,2711685,840445.0,2.5
2001-12-01,589098,286533.0,274020,182511,380,16512,550241,102630,187512,1586349,147,1148.079956,519.98999,177.4,19.39,15.95,18.71,2711685,842278.5,2.5
2002-01-01,603059,286739.0,269965,182076,339,16755,554597,94497,200649,1590645,141,1130.199951,508.200012,177.7,19.72,17.04,19.42,2631502,848945.75,3.0
2002-02-01,544423,286935.0,245094,164666,124,16755,559951,106419,196086,1576425,144,1106.72998,526.080017,178.0,20.72,18.24,20.28,2631502,859179.0,3.0
2002-03-01,609965,287131.0,272781,182460,254,16755,561486,108477,201418,1572822,144,1147.390015,565.869995,178.5,24.53,22.29,23.7,2631502,865501.8,3.0
2002-04-01,586562,287343.0,279024,175333,228,16757,566742,108983,193626,1588439,136,1076.920044,541.599976,179.3,26.18,23.98,25.73,2724224,869994.25,3.0
2002-05-01,611573,287571.0,289026,183057,224,16757,571257,112638,192650,1610944,134,1067.140015,545.929993,179.5,27.04,24.44,25.35,2724224,871987.6,3.0
2002-06-01,596246,287808.0,279718,176532,161,16764,576451,104101,191122,1616137,138,989.820007,548.450012,179.6,25.52,23.45,24.08,2724224,879016.25,3.0
2002-07-01,622351,288051.0,284708,178275,1016,16764,578514,105667,175316,1610814,133,911.6199949999999,483.07000700000003,180.0,26.97,24.99,25.74,2753434,874057.0,3.0
2002-08-01,626859,288303.0,295874,179670,267,16764,582261,103468,172065,1596346,125,916.070007,490.589996,180.5,28.39,25.68,26.65,2753434,865430.4,3.0
2002-09-01,583828,288554.0,263909,162336,218,16764,587226,92279,156189,1574063,122,815.280029,444.579987,180.8,29.66,27.14,28.4,2753434,852820.0,3.0
2002-10-01,610030,288794.0,295480,166105,122,16700,589622,100278,168949,1573034,140,885.76001,430.07000700000003,181.2,28.84,25.99,27.54,2827263,852260.25,3.0
2002-11-01,599736,289012.0,289623,168706,290,16700,595899,93394,171562,1578466,146,936.3099980000001,436.85000599999995,181.5,26.35,23.68,24.34,2827263,862574.2,3.0
2002-12-01,618244,289214.0,270973,177372,52,16700,599091,91070,164639,1547910,137,879.820007,446.839996,181.8,29.46,26.68,28.33,2827263,867318.75,3.0
2003-01-01,620512,289412.0,267623,178412,318,16757,599247,98119,153330,1504403,132,855.7000119999999,426.98999000000003,182.6,32.95,30.3,31.18,2744149,857519.6,4.3
2003-02-01,570500,289606.0,237278,161920,140,16747,599247,100276,148094,1460452,153,841.150024,425.85998499999994,183.6,35.83,32.23,32.77,2744149,855226.75,4.3
2003-03-01,610933,289809.0,285994,179907,297,16747,599247,102018,156222,1474478,171,848.179993,429.97000099999997,183.9,33.51,29.23,30.61,2744149,856348.75,4.3
2003-04-01,594912,290024.0,297835,171774,360,16747,599585,106882,164989,1496082,185,916.919983,430.76000999999997,183.2,28.17,24.48,25.0,2832509,865061.75,4.3
2003-05-01,599655,290250.0,314748,175568,452,16747,603116,102847,159674,1532900,167,963.590027,471.290009,182.9,28.11,25.15,25.86,2832509,871339.4,4.3
2003-06-01,593798,290484.0,301151,169772,1363,16747,608541,104328,158608,1559756,152,974.5,473.64999400000005,183.1,30.66,27.22,27.65,2832509,874143.5,4.3
2003-07-01,622911,290726.0,311061,170452,214,16747,612407,101151,160247,1570434,153,990.3099980000001,462.290009,183.7,30.76,27.95,28.35,2887132,871873.5,4.3
2003-08-01,638153,290974.0,310705,172787,114,16747,618300,100886,157300,1571972,153,1008.01001,480.10000599999995,184.5,31.57,28.5,29.89,2887132,877671.8,4.3
2003-09-01,597976,291222.0,308615,168270,99,16747,624363,100109,164244,1597968,154,995.9699710000001,480.160004,185.1,28.31,25.66,27.11,2887132,883391.75,4.3
2003-10-01,625647,291463.0,311950,174020,433,16747,630871,103786,166864,1601678,158,1050.709961,490.27999900000003,184.9,30.34,27.32,29.61,2994460,899713.4,4.3
2003-11-01,596180,291677.0,280530,166397,638,16747,633599,96953,163080,1598206,158,1058.199951,495.049988,185.0,31.11,27.47,28.75,2994460,904867.25,4.3
2003-12-01,641053,291868.0,300206,172715,109,16747,638388,92051,154688,1568303,153,1111.920044,562.6099849999999,185.5,32.13,28.63,29.81,2994460,892980.25,4.3
2004-01-01,634855,292046.0,289762,173132,191,16947,641156,96168,154853,1556354,143,1131.130005,563.289978,186.3,34.31,30.11,31.28,2922104,890053.0,5.4
2004-02-01,605301,292230.0,270188,161583,223,16948,646863,95699,167314,1557130,153,1144.939941,593.419983,186.7,34.69,30.69,30.86,2922104,900668.75,5.4
2004-03-01,634033,292434.0,312739,174115,599,16978,652139,103340,171526,1570788,164,1126.209961,593.8599849999999,187.1,36.74,32.16,33.63,2922104,918152.75,5.4
2004-04-01,616345,292651.0,303443,166810,1640,16978,658212,101813,179561,1580367,154,1107.300049,604.570007,187.4,36.75,32.34,33.59,3033260,934757.8,5.4
2004-05-01,629710,292872.0,324012,172235,809,16978,661339,104376,178089,1610065,156,1120.680054,604.710022,188.2,40.28,35.68,37.57,3033260,943108.75,5.4
2004-06-01,623395,293103.0,315989,162208,1349,16978,662378,98040,185264,1630882,164,1140.839966,637.460022,188.9,38.03,33.45,35.18,3033260,949419.75,5.4
2004-07-01,647293,293350.0,319253,170011,549,16984,665666,98002,175621,1646102,170,1101.719971,651.679993,189.1,40.78,35.89,38.22,3068978,948498.8,5.4
2004-08-01,651864,293603.0,324258,165072,409,16978,669001,96524,162012,1654216,170,1104.23999,639.450012,189.2,44.9,39.46,42.74,3068978,942504.75,5.4
2004-09-01,615858,293857.0,290923,152444,1040,16978,670270,93874,158441,1641501,166,1114.579956,698.73999,189.8,45.94,40.42,43.2,3068978,930440.0,5.4
2004-10-01,646687,294104.0,321222,160270,786,16982,670322,98387,167047,1637187,171,1130.199951,695.630005,190.8,53.28,45.36,49.78,3189392,934347.0,5.4
2004-11-01,624161,294337.0,307154,162699,1253,16982,672764,94607,171565,1656220,183,1173.819946,743.849976,191.7,48.47,39.89,43.11,3189392,947114.25,5.4
2004-12-01,658099,294561.0,313120,170815,933,16982,675600,93172,171404,1644805,180,1211.920044,721.119995,191.7,43.15,34.07,39.6,3189392,951151.8,5.4
2005-01-01,641524,294768.0,309901,168831,1239,17125,679670,92117,173788,1631066,178,1181.27002,745.51001,191.6,46.84,37.56,44.51,3109156,954322.0,4.9
2005-02-01,583252,294955.0,286124,154038,541,17125,682013,98376,180817,1646402,192,1203.599976,861.3900150000001,192.4,48.15,39.72,45.48,3109156,961355.75,4.9
2005-03-01,651274,295149.0,317497,173626,1111,17125,688150,101660,197334,1644426,186,1180.589966,852.5200199999999,193.1,54.19,45.73,53.1,3109156,976094.5,4.9
2005-04-01,604101,295359.0,306734,166885,1345,17129,691880,101052,214495,1685810,171,1156.849976,816.669983,193.7,52.98,45.25,51.88,3231134,995314.4,4.9
2005-05-01,638792,295582.0,323400,173491,1694,17234,693938,105189,207763,1713593,150,1191.5,826.409973,193.6,49.83,43.19,48.65,3231134,1009018.5,4.9
2005-06-01,635951,295824.0,322953,163263,640,17234,696398,104470,200479,1723490,146,1191.329956,888.7999880000001,193.7,56.35,49.28,54.35,3231134,1007919.5,4.9
2005-07-01,649104,296077.0,321697,162854,1058,17238,698811,101570,195303,1727179,170,1234.180054,942.849976,194.9,59.0,52.79,57.52,3305748,1001763.8,4.9
2005-08-01,671648,296338.0,322526,161153,531,17230,700726,99363,187318,1699944,206,1220.329956,1017.2999880000001,196.1,64.99,58.67,63.98,3305748,1005371.75,4.9
2005-09-01,604247,296606.0,274650,126417,727,17230,693659,101841,182293,1688275,210,1228.810059,1076.310059,198.8,65.59,58.79,62.91,3305748,989465.6,4.9
2005-10-01,627838,296857.0,292751,141200,530,17225,685238,102219,200495,1700287,217,1207.01001,985.6199949999999,199.1,62.26,55.31,58.54,3390598,985260.75,4.9
2005-11-01,618701,297089.0,307852,145708,1445,17225,685630,103112,196885,1713340,253,1249.47998,976.840027,198.1,58.32,49.97,55.24,3390598,989621.75,4.9
2005-12-01,666357,297311.0,309886,154630,759,17224,684544,100329,200578,1681551,247,1248.290039,986.830017,198.1,59.41,50.85,56.86,3390598,990768.2,4.9
2006-01-01,633525,297526.0,302761,156480,849,17339,683458,97335,202789,1696514,242,1280.079956,1143.099976,199.3,65.49,55.85,62.99,3334041,988164.0,5.5
2006-02-01,576155,297734.0,279530,140894,415,17341,684769,101371,218246,1702995,209,1280.660034,1031.640015,199.4,61.63,52.8,60.21,3334041,993307.75,5.5
2006-03-01,638859,297950.0,302241,155842,903,17390,686054,99460,221053,1674831,244,1294.869995,1070.550049,199.7,62.69,55.31,62.06,3334041,1008452.8,5.5
2006-04-01,606038,298170.0,295774,152450,794,17390,687887,104491,220314,1684091,259,1310.609985,1127.660034,200.7,69.44,62.41,70.26,3462006,1016329.0,5.5
2006-05-01,634167,298401.0,319400,159667,829,17390,688600,102063,217313,1707169,261,1270.089966,1098.209961,201.3,70.84,64.39,69.78,3462006,1017930.25,5.5
2006-06-01,629452,298653.0,321369,154884,987,17390,687847,101588,214291,1712513,285,1270.199951,1153.400024,201.8,70.95,63.79,68.56,3462006,1017263.2,5.5
2006-07-01,642948,298910.0,317114,157919,414,17392,687845,98922,211722,1726740,298,1276.660034,1203.47998,202.9,74.41,67.99,73.67,3463172,1006690.75,5.5
2006-08-01,664448,299178.0,327476,156232,472,17392,687840,97032,214636,1746561,316,1303.819946,1145.52002,203.8,73.04,66.45,73.23,3463172,1003317.25,5.5
2006-09-01,616765,299452.0,321298,150926,631,17393,687837,98739,214604,1768870,305,1335.849976,1083.849976,202.8,63.8,57.29,61.96,3463172,998941.8,5.5
2006-10-01,643837,299710.0,313272,158353,1152,17400,688605,97725,217164,1752641,288,1377.939941,1134.810059,201.9,58.89,52.7,57.81,3555390,1004893.5,5.5
2006-11-01,620061,299950.0,296627,151926,714,17400,688605,95948,214516,1728775,288,1400.630005,1211.910034,202.0,59.08,52.7,58.76,3555390,1010409.25,5.5
2006-12-01,644652,300178.0,296219,160768,839,17400,688605,83895,204894,1703049,281,1418.300049,1188.170044,203.1,61.96,54.97,62.47,3555390,1001130.6,5.5
2007-01-01,637580,300398.0,316538,158342,294,17440,688605,94775,206218,1706809,270,1438.23999,1164.27002,203.437,54.51,49.57,53.68,3479565,992216.5,5.6
2007-02-01,596651,300608.0,252238,143301,703,17443,688604,92545,201540,1648933,266,1406.819946,1143.420044,204.226,59.28,53.77,57.56,3479565,997558.5,5.6
2007-03-01,636610,300823.0,321781,158697,1047,17443,688602,100362,208332,1660261,282,1420.859985,1216.310059,205.28799999999998,60.44,56.31,62.05,3479565,999247.0,5.6
2007-04-01,616079,301045.0,304815,155407,573,17443,689392,99732,218463,1676613,285,1482.369995,1271.069946,205.90400000000002,63.98,60.45,67.49,3610965,1005781.25,5.6
2007-05-01,639235,301278.0,320168,161548,1117,17455,690270,101179,228113,1706518,282,1530.619995,1367.859985,206.755,63.46,61.55,67.21,3610965,1014922.5,5.6
2007-06-01,621692,301528.0,300437,152254,1565,17460,690270,101649,228573,1712479,283,1503.349976,1409.920044,207.234,67.49,65.24,71.05,3610965,1020958.8,5.6
2007-07-01,643155,301790.0,308120,156175,822,17460,690270,100191,215062,1716222,285,1455.27002,1362.51001,207.60299999999998,74.12,70.75,76.93,3630580,1023093.5,5.6
2007-08-01,651790,302064.0,319805,154060,1307,17460,690437,95607,200939,1698588,306,1473.98999,1365.76001,207.667,72.36,68.28,70.76,3630580,1008408.0,5.6
2007-09-01,612438,302334.0,309200,147061,1013,17448,692803,101553,188447,1699464,302,1526.75,1440.150024,208.547,79.92,72.34,77.17,3630580,995551.5,5.6
2007-10-01,634769,302590.0,303317,155680,337,17448,694129,99742,185913,1690449,321,1549.380005,1495.699951,209.19,85.8,78.61,82.34,3730752,994071.0,5.6
2007-11-01,616040,302834.0,300115,151021,603,17448,695503,94320,180290,1672428,341,1481.140015,1429.640015,210.834,94.77,85.53,92.41,3730752,989096.2,5.6
2007-12-01,642299,303062.0,304870,158427,626,17448,696941,89070,174050,1647633,338,1468.359985,1559.699951,211.445,91.69,83.21,90.93,3730752,974197.75,5.6
2008-01-01,627656,303280.0,312536,158566,364,17594,698349,93858,180019,1659070,321,1378.550049,1370.209961,212.174,92.97,84.82,92.18,3643352,968319.75,3.0
2008-02-01,580836,303494.0,279439,149297,578,17594,698822,94310,186925,1645959,331,1330.630005,1420.75,212.687,95.39,87.41,94.99,3643352,984844.4,3.0
2008-03-01,614758,303707.0,298712,160868,910,17594,700372,98327,194026,1637298,343,1322.699951,1337.680054,213.44799999999998,105.45,96.96,103.64,3643352,995552.75,3.0
2008-04-01,594449,303926.0,299373,155403,419,17594,701468,99615,194948,1648913,358,1385.589966,1484.75,213.942,112.58,104.72,109.07,3704567,999885.5,3.0
2008-05-01,613723,304157.0,299584,159437,581,17606,704253,96216,185800,1656603,375,1400.380005,1569.589966,215.208,125.4,116.55,122.8,3704567,1003191.8,3.0
2008-06-01,590342,304396.0,300528,154133,659,17610,705955,92656,180597,1668491,383,1280.0,1535.390015,217.463,133.88,126.22,132.32,3704567,988570.0,3.0
2008-07-01,606254,304646.0,314092,160481,894,17610,707215,93754,179230,1680705,380,1267.380005,1329.310059,219.016,133.37,127.77,132.72,3682872,984093.75,3.0
2008-08-01,597441,304903.0,320049,155092,1234,17610,707212,96782,183803,1693096,397,1282.829956,1326.699951,218.69,116.67,111.19,113.24,3682872,991427.8,3.0
2008-09-01,535165,305158.0,253396,119208,1173,17610,702435,94416,185781,1686870,417,1166.359985,1156.26001,218.877,104.11,96.38,97.23,3682872,982202.5,3.0
2008-10-01,610647,305403.0,312681,146868,1321,17621,701831,92876,194547,1693553,422,968.75,956.7100220000001,216.995,76.61,70.84,71.58,3682056,993730.2,3.0
2008-11-01,571573,305620.0,298309,152343,916,17621,701828,95928,204358,1714474,426,896.23999,968.2299800000001,213.153,57.31,49.1,52.45,3682056,1000949.5,3.0
2008-12-01,593409,305827.0,291995,158183,1413,17621,701823,86598,216550,1719144,391,903.25,979.679993,211.398,41.12,35.59,39.95,3682056,1003976.0,3.0
2009-01-01,590234,306035.0,303136,159467,1122,17672,703786,96326,231922,1747478,328,825.880005,935.3099980000001,211.933,41.71,36.84,43.44,3510967,1018150.8,-0.1
2009-02-01,527011,306237.0,254061,146698,833,17672,705541,99191,233350,1758414,271,735.090027,825.849976,212.705,39.09,38.56,43.32,3510967,1036767.5,-0.1
2009-03-01,580286,306438.0,290728,161776,943,17672,712800,101686,240459,1784196,225,797.869995,851.070007,212.495,47.94,45.96,46.54,3510967,1045029.75,-0.1
2009-04-01,560172,306645.0,281218,158344,799,17672,718786,97762,249137,1797303,209,872.8099980000001,876.400024,212.709,49.65,49.58,50.18,3593534,1064312.5,-0.1
2009-05-01,564542,306863.0,272716,166684,1634,17672,721698,96963,240455,1812794,187,919.1400150000001,987.23999,213.02200000000002,59.03,56.77,57.3,3593534,1070700.0,-0.1
2009-06-01,564829,307090.0,274054,158079,1698,17672,724098,95023,229787,1826007,194,919.320007,918.900024,214.79,69.64,66.37,68.61,3593534,1059977.5,-0.1
2009-07-01,577412,307322.0,281911,167336,971,17681,724094,94169,230347,1831772,245,987.4799800000001,961.2000119999999,214.726,64.15,63.46,64.44,3617046,1052110.8,-0.1
2009-08-01,587432,307570.0,273235,167945,1091,17681,724092,94701,220302,1815681,279,1020.6199949999999,978.8800050000001,215.445,71.05,68.09,72.51,3617046,1051758.25,-0.1
2009-09-01,557833,307826.0,277619,166765,1265,17681,725086,94883,221076,1830408,293,1057.079956,1024.439941,215.861,69.41,67.65,67.65,3617046,1042839.5,-0.1
2009-10-01,582888,308071.0,265536,171258,2241,17688,725081,93404,218144,1807079,312,1036.189941,1052.800049,216.50900000000001,75.72,72.06,72.77,3727386,1044995.4,-0.1
2009-11-01,562590,308289.0,262201,161838,1365,17688,726129,93937,219288,1795899,362,1095.630005,1068.569946,217.234,77.99,74.4,76.66,3727386,1045187.25,-0.1
2009-12-01,596333,308495.0,253260,169004,2022,17688,726616,90944,212168,1758336,404,1115.099976,1068.209961,217.347,74.47,72.67,74.46,3727386,1038593.5,-0.1
2010-01-01,577988,308706.0,263249,167529,1008,17597,726612,93270,218884,1764315,433,1073.869995,1016.7800289999999,217.488,78.33,75.07,76.17,3592249,1034826.6,5.4
2010-02-01,527591,308904.0,245302,155496,1621,17584,726608,93358,225446,1763107,446,1104.48999,1021.070007,217.28099999999998,76.39,73.73,73.75,3592249,1042027.75,5.4
2010-03-01,591608,309095.0,289582,170975,1395,17584,726604,98708,237373,1766000,471,1169.430054,1081.199951,217.35299999999998,81.2,76.77,78.83,3592249,1053921.25,5.4
2010-04-01,571341,309280.0,291766,161770,1095,17589,726599,97688,241334,1788986,508,1186.689941,1096.23999,217.403,84.29,80.03,84.82,3744069,1062845.8,5.4
2010-05-01,584997,309459.0,299304,167427,1121,17589,726594,96706,240280,1809301,541,1089.410034,963.4799800000001,217.29,73.74,71.15,75.95,3744069,1069334.0,5.4
2010-06-01,586574,309647.0,297814,161384,937,17523,726591,98060,243099,1820175,566,1030.709961,883.6199949999999,217.199,75.34,71.91,74.76,3744069,1069274.0,5.4
2010-07-01,598544,309852.0,307894,164232,2140,17594,726586,96434,238214,1834077,591,1101.599976,978.6400150000001,217.605,76.32,73.27,75.58,3778575,1062688.2,5.4
2010-08-01,609854,310067.0,295837,168862,1113,17594,726581,94216,240702,1840359,644,1049.329956,925.8900150000001,217.923,76.6,73.52,77.04,3778575,1063271.5,5.4
2010-09-01,583758,310288.0,276863,168470,1838,17594,726513,93467,244202,1839140,668,1141.199951,1032.699951,218.275,75.24,73.15,77.84,3778575,1064258.75,5.4
2010-10-01,587978,310498.0,264726,174546,728,17528,726550,95956,246599,1825121,693,1183.26001,1079.560059,219.035,81.89,76.9,82.67,3877159,1069141.8,5.4
2010-11-01,568913,310689.0,260966,167255,953,17528,726547,89527,236036,1805252,723,1180.550049,1093.859985,219.59,84.25,79.92,85.28,3877159,1065714.75,5.4
2010-12-01,611599,310871.0,269553,173812,1249,17594,726545,88982,218783,1771617,759,1257.640015,1213.160034,220.472,89.15,85.59,91.45,3877159,1048652.4,5.4
2011-01-01,586674,311037.0,284678,170319,2228,17736,726543,88892,231553,1786250,793,1286.119995,1293.400024,221.187,89.17,87.61,96.52,3748311,1043099.5,4.3
2011-02-01,526688,311189.0,229140,151291,847,17736,726542,85808,237851,1757213,801,1327.219971,1365.089966,221.898,88.58,91.42,103.72,3748311,1050912.25,4.3
2011-03-01,595602,311351.0,284677,174068,1126,17736,726542,93978,240812,1753412,830,1325.829956,1378.829956,223.046,102.86,102.43,114.64,3748311,1056751.5,4.3
2011-04-01,557470,311522.0,265167,166728,1227,17736,726542,93848,246753,1756410,896,1363.609985,1402.959961,224.093,109.53,113.02,123.26,3881126,1065133.0,4.3
2011-05-01,570689,311699.0,280840,174296,1148,17736,726542,96011,244818,1783986,948,1345.199951,1332.189941,224.80599999999998,100.9,107.98,114.99,3881126,1075608.25,4.3
2011-06-01,575703,311894.0,277050,167619,1066,17736,726531,95156,234429,1785716,979,1320.640015,1304.310059,224.80599999999998,96.26,105.38,113.83,3881126,1068929.75,4.3
2011-07-01,580089,312101.0,287563,168617,2263,17736,718215,93695,226776,1792659,1014,1292.280029,1284.51001,225.395,97.3,105.94,116.97,3913784,1057628.4,4.3
2011-08-01,600224,312317.0,277006,175576,1047,17736,696456,91322,229121,1772387,1055,1218.890015,1164.26001,226.106,86.33,99.0,110.22,3913784,1040443.5,4.3
2011-09-01,565439,312537.0,267410,168416,1065,17736,695951,88791,215156,1757624,1063,1131.420044,1031.819946,226.597,85.52,101.05,112.83,3913784,1017356.0,4.3
2011-10-01,583108,312737.0,276125,182923,1568,17736,695951,93400,217554,1745599,1077,1253.300049,1221.26001,226.75,86.32,101.99,109.55,3999363,1010804.5,4.3
2011-11-01,571065,312920.0,261729,181022,1928,17730,695951,91921,217706,1745567,1125,1246.959961,1232.75,227.169,97.16,107.67,110.77,3999363,1008851.25,4.3
2011-12-01,580894,313096.0,270037,187441,1646,17740,695951,90640,214430,1724807,1177,1257.599976,1229.099976,227.22299999999998,98.56,106.52,107.87,3999363,1003689.8,4.3
2012-01-01,567522,313261.0,264348,191275,2425,17367,695951,92155,223190,1744075,1208,1312.410034,1260.089966,227.842,100.27,105.25,110.69,3947585,1005251.25,3.5
2012-02-01,540230,313419.0,248296,181703,2127,17367,695951,89282,228416,1739302,1261,1365.680054,1328.040039,228.329,102.2,108.08,119.33,3947585,1011321.25,3.5
2012-03-01,562623,313583.0,271888,196083,2196,17275,695951,96095,247028,1755850,1307,1408.469971,1267.430054,228.80700000000002,106.16,111.0,125.45,3947585,1021408.4,3.5
2012-04-01,545451,313749.0,259077,189673,1228,17275,695951,96746,256963,1757494,1329,1397.910034,1235.540039,229.187,103.32,108.54,119.75,4036139,1040919.0,3.5
2012-05-01,575889,313924.0,278720,197316,2571,17275,695951,94087,265325,1770841,1373,1310.329956,1092.640015,228.713,94.66,103.26,110.34,4036139,1053881.75,3.5
2012-06-01,565571,314114.0,275790,187992,1381,17275,695951,93423,263831,1783681,1409,1362.160034,1165.530029,228.524,82.3,92.18,95.16,4036139,1055408.6,3.5
2012-07-01,574077,314317.0,270061,199094,2388,17291,695950,94647,248054,1786235,1419,1379.319946,1196.76001,228.59,87.9,92.99,102.62,4071213,1047285.0,3.5
2012-08-01,593350,314535.0,268600,196723,1866,17211,695950,91331,241812,1774231,1423,1406.579956,1229.569946,229.918,94.13,97.04,113.36,4071213,1033593.6,3.5
2012-09-01,542866,314750.0,251431,197777,2038,17400,694952,91604,249529,1792475,1409,1440.670044,1258.109985,231.015,94.51,101.82,112.86,4071213,1032482.5,3.5
2012-10-01,580131,314954.0,251338,215840,2079,17402,694952,93440,252525,1782621,1407,1412.160034,1228.790039,231.638,89.49,100.92,111.71,4142070,1039125.75,3.5
2012-11-01,556000,315143.0,245487,212221,2201,17408,694952,96684,251165,1782571,1385,1416.180054,1216.569946,231.24900000000002,86.53,98.07,109.06,4142070,1042183.4,3.5
2012-12-01,562406,315311.0,235719,220007,2191,17391,695268,88781,242665,1778556,1358,1426.189941,1241.839966,231.22099999999998,87.86,93.7,109.49,4142070,1036065.0,3.5
2013-01-01,581411,315455.0,246629,219508,3384,17823,695805,93647,251182,1781006,1318,1498.109985,1352.77002,231.679,94.76,97.91,112.96,4049584,1030547.5,3.5
2013-02-01,522315,315591.0,204191,200123,3705,17814,695969,93557,257414,1759744,1332,1514.680054,1322.829956,232.937,95.31,99.23,116.05,4049584,1041976.5,3.5
2013-03-01,574466,315740.0,232398,223307,3310,17814,695969,97494,262168,1762487,1339,1569.189941,1358.699951,232.282,92.94,99.11,108.47,4049584,1051966.6,3.5
2013-04-01,557375,315901.0,232807,221142,4151,17814,695969,96043,265645,1777006,1374,1597.569946,1366.660034,231.797,92.02,96.45,102.25,4163863,1057189.75,3.5
2013-05-01,581753,316077.0,239970,227060,4034,17815,695969,96028,265432,1786562,1407,1630.73999,1384.560059,231.893,94.51,98.5,102.56,4163863,1061992.6,3.5
2013-06-01,564046,316265.0,231930,218279,3723,17815,695969,89729,255022,1788950,1404,1606.280029,1329.77002,232.445,95.77,97.17,102.92,4163863,1058805.0,3.5
2013-07-01,597263,316470.0,249788,233225,3217,17818,695969,92109,244258,1787650,1396,1685.72998,1395.51001,232.9,104.67,101.56,107.93,4234415,1034913.75,3.5
2013-08-01,593591,316693.0,251079,233462,2192,17820,695969,97578,234814,1791847,1388,1632.969971,1368.329956,233.456,106.57,104.16,111.28,4234415,1028388.8,3.5
2013-09-01,578156,316914.0,237699,235077,3162,17820,695969,90764,250449,1801428,1364,1681.550049,1399.219971,233.544,106.29,103.49,111.6,4234415,1026369.5,3.5
2013-10-01,599181,317125.0,231822,240477,3679,17820,695969,91946,256093,1777483,1364,1756.540039,1463.810059,233.669,100.54,97.84,109.08,4336990,1044087.0,3.5
2013-11-01,584716,317320.0,222248,237483,7578,17820,695969,89058,249760,1756464,1384,1805.810059,1475.170044,234.1,93.86,90.36,107.79,4336990,1054365.2,3.5
2013-12-01,588635,317503.0,240919,245758,6834,17820,695969,85114,238499,1727885,1396,1848.359985,1503.140015,234.71900000000002,97.63,90.57,110.76,4336990,1035020.0,3.5
2014-01-01,591943,317674.0,235269,250238,7698,17925,695969,87366,244917,1714552,1403,1782.589966,1407.369995,235.28799999999998,94.62,89.71,108.12,4193475,1019830.0,3.6
2014-02-01,529650,317836.0,201572,228244,6907,17925,695969,87915,254029,1715843,1424,1859.449951,1474.77002,235.547,100.82,96.1,108.9,4193475,1027073.0,3.6
2014-03-01,572147,318003.0,225487,257010,7794,17931,695929,92714,256459,1723950,1466,1872.339966,1508.939941,236.028,100.8,97.13,107.48,4193475,1041404.25,3.6
2014-04-01,565136,318179.0,226639,255655,8448,17951,693315,95770,264917,1751766,1515,1883.949951,1610.689941,236.468,102.07,97.33,107.76,4355448,1056791.25,3.6
2014-05-01,575777,318367.0,222177,267962,9567,17951,690972,97744,262031,1781534,1530,1923.569946,1627.209961,236.918,102.18,98.46,109.54,4355448,1053862.0,3.6
2014-06-01,566106,318563.0,212025,262402,11833,17825,690972,94714,255364,1785307,1545,1960.22998,1681.8299559999998,237.231,105.79,100.26,111.8,4355448,1045840.75,3.6
2014-07-01,596962,318778.0,236534,274213,13045,17835,690972,92979,241787,1789362,1560,1930.6700440000002,1641.890015,237.498,103.59,98.75,106.77,4449960,1033241.5,3.6
2014-08-01,600707,319010.0,231649,276342,12136,17835,690972,88509,239127,1795063,1578,2003.369995,1689.22998,237.46,96.54,93.23,101.61,4449960,1022566.4,3.6
2014-09-01,577184,319240.0,224851,272335,10479,17835,690969,92270,236438,1808170,1592,1972.290039,1552.040039,237.477,93.21,89.38,97.09,4449960,1018677.0,3.6
2014-10-01,610969,319459.0,221600,286928,11653,17851,690966,95244,250981,1801760,1596,2018.050049,1485.079956,237.43,84.4,82.75,87.43,4528375,1033669.2,3.6
2014-11-01,581169,319655.0,218845,279495,15619,17811,690963,98470,253191,1811126,1573,2067.560059,1335.900024,236.983,75.79,74.34,79.44,4528375,1039122.5,3.6
2014-12-01,603779,319837.0,223978,296382,13053,17811,690959,95794,261120,1825441,1539,2058.899902,1348.130005,236.252,59.29,57.36,62.34,4528375,1041835.75,3.6
2015-01-01,597102,320002.0,222315,290880,15342,17967,690956,101200,284194,1847420,1362,1994.9899899999998,1303.98999,234.718,47.22,44.74,47.76,4381185,1054934.4,3.5
2015-02-01,550604,320153.0,198807,266196,12380,17950,690953,98384,312032,1847841,1050,2104.5,1376.310059,235.236,50.58,47.18,58.1,4381185,1087331.5,3.5
2015-03-01,599538,320317.0,235360,297133,13565,17950,690950,103658,336882,1881064,857,2067.889893,1330.630005,236.005,47.82,47.22,55.89,4381185,1118870.5,3.5
2015-04-01,577537,320493.0,216229,289651,17969,17962,690947,101954,345637,1907095,750,2085.51001,1427.150024,236.15599999999998,54.45,51.62,59.52,4563206,1144717.5,3.5
2015-05-01,598794,320679.0,224604,293681,16338,17962,692345,101462,342063,1928459,662,2107.389893,1340.01001,236.97400000000002,59.27,57.51,64.08,4563206,1140681.0,3.5
2015-06-01,595593,320876.0,219618,280622,13355,18056,693891,102031,332961,1938598,634,2063.110107,1303.709961,237.68400000000003,59.82,58.89,61.48,4563206,1127638.25,3.5
2015-07-01,624165,321090.0,228160,292693,16934,18097,695134,99047,323037,1936370,649,2103.840088,1211.560059,238.053,50.9,52.42,56.56,4614948,1124005.0,3.5
2015-08-01,618124,321315.0,239212,291851,14286,18098,695130,100691,320753,1958370,673,1972.180054,1143.609985,238.028,42.87,43.23,46.52,4614948,1117361.0,3.5
2015-09-01,582976,321540.0,216838,284344,12314,18138,695128,102056,324002,1967709,650,1920.030029,1058.359985,237.50599999999997,45.48,41.12,47.62,4614948,1119639.75,3.5
2015-10-01,604212,321755.0,220171,291271,15503,18133,695126,105765,345007,1975254,597,2079.360107,1196.099976,237.78099999999998,46.22,42.03,48.43,4665441,1136941.6,3.5
2015-11-01,573823,321950.0,221130,279648,9592,18186,695123,101434,349187,1989222,566,2080.409912,1190.98999,238.016,42.44,39.05,44.27,4665441,1150911.25,3.5
2015-12-01,607264,322138.0,244965,287168,12162,18186,695119,100580,344259,1982022,537,2043.939941,1072.709961,237.817,37.19,33.16,38.01,4665441,1149994.75,3.5
2016-01-01,590947,322315.0,236065,285111,15176,18317,695116,101857,364798,2013657,510,1940.2399899999998,1012.090027,237.833,31.68,27.48,30.7,4488764,1153560.6,3.4
2016-02-01,575551,322475.0,229492,262610,13161,18317,695114,108660,378043,2017956,430,1932.22998,981.090027,237.46900000000002,30.32,26.66,32.18,4488764,1171746.25,3.4
2016-03-01,611574,322636.0,248383,281760,18471,18319,695112,101149,398409,2024345,384,2059.73999,1072.209961,238.03799999999998,37.55,32.24,38.21,4488764,1192197.0,3.4
2016-04-01,580207,322811.0,228344,266065,18714,18319,695107,103372,402238,2035178,348,2065.300049,1160.27002,238.827,40.75,35.9,41.58,4678299,1201620.6,3.4
2016-05-01,599173,322994.0,245749,273504,24414,18319,695104,105464,402292,2050532,320,2096.949951,1115.319946,239.46400000000003,46.71,40.88,46.74,4678299,1202121.5,3.4
2016-06-01,595385,323190.0,226802,259624,15915,18433,695100,103255,391712,2049443,330,2098.860107,1145.439941,240.167,48.76,44.13,48.25,4678299,1194776.5,3.4
2016-07-01,613045,323396.0,250986,268018,16612,18433,695096,103724,385674,2066491,359,2173.600098,1116.01001,240.15,44.65,41.48,44.95,4734573,1186326.8,3.4
2016-08-01,628518,323606.0,248482,268963,22331,18433,695093,100496,383340,2066350,397,2170.949951,1125.810059,240.602,44.72,41.21,45.84,4734573,1188002.75,3.4
2016-09-01,592705,323815.0,241213,256015,23241,18456,695090,98474,368856,2051217,416,2168.27002,1152.5,241.051,45.18,40.86,46.57,4734573,1170302.0,3.4
2016-10-01,609153,324013.0,234666,273858,15552,18471,695087,102239,386131,2053013,436,2126.149902,1144.469971,241.69099999999997,49.78,44.76,49.52,4813405,1168440.25,3.4
2016-11-01,589766,324191.0,240691,266924,18170,18491,695084,101702,386919,2056225,462,2198.810059,1219.800049,242.02900000000002,45.66,41.8,44.73,4813405,1183203.25,3.4
2016-12-01,619503,324357.0,242335,272731,14518,18510,695082,92756,387832,2029572,507,2238.830078,1267.98999,242.77200000000002,51.97,46.72,53.31,4813405,1178977.6,3.4
2017-01-01,599008,324510.0,262811,274763,22046,18617,695078,99207,403015,2052687,542,2278.8701170000004,1232.98999,243.78,52.5,48.12,54.58,4649728,1182986.5,3.8
2017-02-01,537331,324648.0,220558,254875,32092,18617,694825,101847,420491,2049111,593,2363.639893,1197.72998,243.96099999999998,53.47,49.38,54.87,4649728,1211472.0,3.8
2017-03-01,621864,324788.0,253114,284028,28831,18621,691510,104787,430638,2030437,634,2362.719971,1182.27002,243.74900000000002,49.33,46.53,51.59,4649728,1225238.0,3.8
2017-04-01,587860,324940.0,246132,273008,33835,18621,688787,98947,420055,2028350,685,2384.199951,1157.030029,244.051,51.06,47.47,52.31,4863682,1221290.75,3.8
2017-05-01,622054,325103.0,263106,284659,34049,18557,684478,101180,411133,2033956,714,2411.800049,1121.390015,243.96200000000002,48.48,47.21,50.33,4863682,1205184.5,3.8
2017-06-01,616837,325277.0,242677,273198,25953,18567,679174,98921,397861,2009883,747,2423.409912,1111.810059,244.18200000000002,45.18,44.03,46.37,4863682,1192788.2,3.8
2017-07-01,623687,325468.0,245369,286287,29642,18567,678883,99934,380246,1998459,765,2470.300049,1152.319946,244.39,46.63,44.76,48.48,4940866,1166704.25,3.8
2017-08-01,627787,325667.0,245611,286702,25338,18571,678799,95544,361092,1987216,764,2471.649902,1104.099976,245.297,48.04,47.62,51.7,4940866,1144599.0,3.8
2017-09-01,589218,325866.0,219708,285356,43899,18496,673640,96733,369267,1977780,752,2519.360107,1216.140015,246.418,49.82,50.46,56.15,4940866,1143725.8,3.8
2017-10-01,619679,326054.0,238109,299250,53327,18497,668951,97328,357506,1941200,741,2575.26001,1235.609985,246.58700000000002,51.58,51.4,57.51,5065149,1129263.0,3.8
2017-11-01,609217,326222.0,230230,302120,46323,18505,661278,99015,349420,1923312,738,2584.840088,1270.189941,247.332,56.64,56.3,62.71,5065149,1124671.75,3.8
2017-12-01,630027,326378.0,241245,309172,47184,18543,662831,94752,321901,1894570,748,2673.610107,1335.550049,247.90099999999998,57.88,57.44,64.37,5065149,1099986.6,3.8
2018-01-01,636899,326527.0,248552,310548,42221,18598,664234,97302,317770,1882606,750,2823.810059,1406.22998,248.88400000000001,63.7,59.71,69.08,4917129,1079804.0,3.6
2018-02-01,551004,326669.0,209942,287879,48589,18598,665458,96007,324255,1879022,788,2713.830078,1275.25,249.36900000000003,62.23,58.03,65.32,4917129,1086798.75,3.6
2018-03-01,643447,326812.0,236216,325625,61050,18598,665456,95106,324875,1864084,799,2640.8701170000004,1326.800049,249.498,62.73,56.82,66.02,4917129,1093541.8,3.6
2018-04-01,601096,326968.0,247608,315308,57581,18598,663966,101113,332065,1867696,817,2648.050049,1472.140015,249.956,66.25,61.24,72.11,5141726,1095448.25,3.6
2018-05-01,627668,327134.0,242857,324245,64080,18598,660167,102120,326684,1873069,845,2705.27002,1528.829956,250.646,69.98,65.89,76.98,5141726,1096615.75,3.6
2018-06-01,623708,327312.0,254623,319472,68366,18598,660015,99658,311780,1869206,861,2718.3701170000004,1516.01001,251.13400000000001,67.87,66.82,74.41,5141726,1086090.6,3.6
2018-07-01,641151,327502.0,246014,337621,71509,18598,660013,98716,307900,1874625,861,2816.290039,1563.72998,251.597,70.98,66.62,74.25,5209973,1067516.5,3.6
2018-08-01,662110,327698.0,247656,352176,57619,18601,660011,99063,305023,1893824,864,2901.52002,1506.069946,251.87900000000002,68.06,65.48,72.53,5209973,1067457.0,3.6
2018-09-01,602484,327893.0,227795,344930,60453,18601,660009,99566,313265,1933191,864,2913.97998,1555.810059,252.01,70.23,66.7,78.89,5209973,1057581.25,3.6
2018-10-01,642767,328077.0,227975,360572,69951,18603,654840,96231,333502,1918649,870,2711.73999,1359.619995,252.794,70.75,67.79,81.03,5311394,1075733.0,3.6
2018-11-01,622395,328241.0,226251,359979,72013,18603,649567,97534,348590,1911757,884,2760.169922,1303.050049,252.76,56.96,54.4,64.75,5311394,1095024.4,3.6
2018-12-01,629407,328393.0,220002,373164,74109,18603,649139,92421,346307,1913240,880,2506.850098,1159.099976,252.72299999999998,49.52,42.8,57.36,5311394,1090804.5,3.6
2019-01-01,634016,328539.0,233126,367548,79830,18762,649139,97777,347417,1919617,866,2704.100098,1284.01001,252.673,51.38,49.57,59.41,5148400,1091079.5,3.0
2019-02-01,565424,328677.0,186243,326734,83721,18767,649126,93078,353201,1902362,853,2784.48999,1289.150024,253.113,54.95,56.5,63.96,5148400,1098745.0,3.0
2019-03-01,626337,328817.0,209541,368644,83196,18807,649126,94781,359704,1898151,830,2834.399902,1301.849976,254.148,58.15,61.14,66.14,5148400,1095784.6,3.0
2019-04-01,603368,328969.0,210741,363682,85276,18802,648588,100194,363688,1915886,824,2945.830078,1327.569946,254.958,63.86,65.42,71.23,5360917,1109717.25,3.0
2019-05-01,628031,329131.0,221900,375507,89908,18802,644818,102604,373569,1957062,802,2752.060059,1170.76001,255.155,60.83,65.03,71.32,5360917,1120659.0,3.0
2019-06-01,618110,329304.0,214233,361805,94776,18802,644818,98881,362100,1954933,790,2941.76001,1274.640015,255.305,54.66,58.16,64.22,5360917,1121293.25,3.0
2019-07-01,642995,329493.0,214988,364736,83512,18802,644818,93875,345001,1959491,782,2980.3798829999996,1258.430054,256.161,57.35,59.18,63.92,5404459,1093931.5,3.0
2019-08-01,652928,329689.0,215273,383317,84550,18808,644818,92884,336279,1951966,760,2926.459961,1165.719971,256.3,54.81,55.41,59.04,5404459,1078407.8,3.0
